,image,title,author,rating,review_count,product_link,publisher,publish_date,prices,rating_breakdown,ranking
0,https://m.media-amazon.com/images/I/71ok9jCkgVL._AC_UY218_.jpg,Lessons in Chemistry: A Novel,"Bonnie Garmus, Miranda Raison, et al.",4.6,"126,226",/Lessons-in-Chemistry-A-Novel/dp/B09BBK79VB/ref=sr_1_1?qid=1680261196&sr=8-1&srs=17296221011,Random House Audio,"April 5, 2022","{'Kindle': '$14.99', 'Audiobook': '$0.00', 'Hardcover': '$17.99', 'Paperback': '$27.90', 'Spiral-bound': '$37.81'}","['1', '1', '6', '20', '72']","['#5 in Audible Books & Originals (See Top 100 in Audible Books & Originals)', '#1 in Historical Fiction (Books)', '#1 in Historical Fiction (Audible Books & Originals)', '#1 in Humorous Fiction']"
1,https://m.media-amazon.com/images/I/91HwoNG6iqL._AC_UY218_.jpg,"Tomorrow, and Tomorrow, and Tomorrow: A novel","Gabrielle Zevin  | Jul 5, 2022",4.4,"38,021",/Tomorrow-novel-Gabrielle-Zevin-ebook/dp/B09JBCGQB8/ref=sr_1_2?qid=1680261196&sr=8-2&srs=17296221011,Knopf,"Jan 1, 1970","{'Kindle': '$13.99', 'Audiobook': '$0.00', 'Hardcover': '$15.49', 'Paperback': '$25.49'}","['1', '2', '10', '28', '59']",[]
2,https://m.media-amazon.com/images/I/91bS0lS-JUL._AC_UY218_.jpg,Demon Copperhead: A Novel,"Barbara Kingsolver, Charlie Thurston, et al.",4.6,"28,124",/Audible-Demon-Copperhead-A-Novel/dp/B09QH6C42C/ref=sr_1_3?qid=1680261196&sr=8-3&srs=17296221011,HarperAudio,"October 18, 2022","{'Kindle': '$15.99', 'Audiobook': '$0.00', 'Hardcover': '$19.50', 'Paperback': '$31.05', 'Audio': '$41.57'}","['1', '2', '5', '18', '74']","['#19 in Audible Books & Originals (See Top 100 in Audible Books & Originals)', '#1 in Small Town & Rural Fiction (Audible Books & Originals)', '#1 in Coming of Age Fiction (Audible Books & Originals)', '#1 in Small Town & Rural Fiction (Books)']"
3,https://m.media-amazon.com/images/I/91jbLYiK43L._AC_UY218_.jpg,Remarkably Bright Creatures: A Novel,"Shel Van Pelt, Marin Ireland, et al.",4.6,"21,857",/Remarkably-Bright-Creatures-A-Novel/dp/B09DTGQHKJ/ref=sr_1_4?qid=1680261196&sr=8-4&srs=17296221011,HarperAudio,"May 3, 2022","{'Kindle': '$14.99', 'Audiobook': '$0.00', 'Hardcover': '$18.05', 'Paperback': '$15.19', 'Audio': '$33.27'}","['1', '1', '5', '22', '71']","['#3 in Audible Books & Originals (See Top 100 in Audible Books & Originals)', '#1 in Mysteries (Audible Books & Originals)', '#1 in Literary Fiction (Books)', '#1 in Animal Fiction (Audible Books & Originals)']"
4,https://m.media-amazon.com/images/I/617uZq23IPL._AC_UY218_.jpg,Reminders of Him: A Novel,"Colleen Hoover  | Jan 18, 2022",4.7,"207,191",/Reminders-Him-Novel-Colleen-Hoover/dp/1542025605/ref=sr_1_5?qid=1680261196&sr=8-5&srs=17296221011,,"Jan 1, 1970","{'Kindle': '$0.00', 'Audiobook': '$0.00', 'Library': '$37.78', 'Paperback': '$9.57', 'Audio': '$14.99'}","['1', '1', '4', '16', '78']",[]
5,https://m.media-amazon.com/images/I/91fas7WZMNL._AC_UY218_.jpg,Mad Honey: A Novel,"Jodi Picoult, Jennifer Finney Boylan, et al.",4.4,"22,581",/Audible-Mad-Honey-A-Novel/dp/B09QQV1YJJ/ref=sr_1_6?qid=1680261196&sr=8-6&srs=17296221011,Random House Audio,"October 4, 2022","{'Kindle': '$14.99', 'Audiobook': '$0.00', 'Hardcover': '$17.99', 'Paperback': '$34.74', 'Audio': '$37.67'}","['2', '2', '8', '27', '60']","['#31 in Audible Books & Originals (See Top 100 in Audible Books & Originals)', '#3 in Fiction Sagas', '#4 in Family Saga Fiction', ""#7 in Women's Fiction (Audible Books & Originals)""]"
6,https://m.media-amazon.com/images/I/81P0W3YcvXL._AC_UY218_.jpg,Horse: A Novel,"Geraldine Brooks  | Jun 14, 2022",4.6,"21,133",/Horse-Novel-Geraldine-Brooks-ebook/dp/B09G9D94VW/ref=sr_1_7?qid=1680261196&sr=8-7&srs=17296221011,Viking,"Jan 1, 1970","{'Kindle': '$13.99', 'Audiobook': '$0.00', 'Hardcover': '$22.99', 'Paperback': '$26.99'}","['2', '2', '5', '20', '71']",[]
7,https://m.media-amazon.com/images/I/71Dax2X6RhL._AC_UY218_.jpg,I'm Glad My Mom Died,Jennette McCurdy and Simon & Schuster Audio,4.7,"46,267",/Im-Glad-My-Mom-Died/dp/B09VHWC5YK/ref=sr_1_8?qid=1680261196&sr=8-8&srs=17296221011,Simon & Schuster Audio,"August 9, 2022","{'Kindle': '$14.99', 'Audiobook': '$0.00', 'Hardcover': '$17.94', 'Paperback': '$28.97', 'Audio': '$30.32'}","['1', '1', '4', '15', '80']","['#18 in Audible Books & Originals (See Top 100 in Audible Books & Originals)', '#1 in Dysfunctional Families (Audible Books & Originals)', '#1 in Dysfunctional Families (Books)', '#1 in Relationships (Audible Books & Originals)']"
8,https://m.media-amazon.com/images/I/91tQkOHvW9L._AC_UY218_.jpg,Fairy Tale,"Stephen King, Seth Numrich, et al.",4.6,"41,441",/Audible-Fairy-Tale/dp/B09R5ZPY6Y/ref=sr_1_9?qid=1680261196&sr=8-9&srs=17296221011,Simon & Schuster Audio,"September 6, 2022","{'Kindle': '$16.99', 'Audiobook': '$0.00', 'Hardcover': '$16.25', 'Paperback': '$18.00', 'Audio': '$61.52'}","['1', '2', '6', '18', '74']","['#25 in Audible Books & Originals (See Top 100 in Audible Books & Originals)', '#1 in Supernatural Thrillers (Books)', '#1 in Supernatural Thrillers (Audible Books & Originals)', '#2 in Fantasy (Audible Books & Originals)']"
9,https://m.media-amazon.com/images/I/91lgm-V5fqL._AC_UY218_.jpg,"Lighter: Let Go of the Past, Connect with the Present, and Expand the Future","Yung Pueblo  | Oct 4, 2022",4.7,"1,330",/Lighter-Connect-Present-Expand-Future/dp/0593233174/ref=sr_1_10?qid=1680261196&sr=8-10&srs=17296221011,Harmony,"Jan 1, 1970","{'Kindle': '$13.99', 'Audiobook': '$0.00', 'Hardcover': '$15.88', 'Paperback': '$35.30', 'Spiral-bound': '$31.96'}","['2', '2', '4', '10', '82']",[]
10,https://m.media-amazon.com/images/I/914wvTbNAbL._AC_UY218_.jpg,Finding Me: A Memoir,Viola Davis and HarperAudio,4.8,"15,546",/Audible-Finding-Me-A-Memoir/dp/B09F56PHTF/ref=sr_1_11?qid=1680261196&sr=8-11&srs=17296221011,HarperAudio,"April 26, 2022","{'Kindle': '$14.99', 'Audiobook': '$0.00', 'Hardcover': '$18.48', 'Paperback': '$13.48', 'Audio': '$33.27'}","['1', '1', '3', '9', '87']","['#47 in Audible Books & Originals (See Top 100 in Audible Books & Originals)', '#1 in Self-Esteem (Audible Books & Originals)', ""#2 in Women's Biographies"", '#2 in Biographies of Women']"
11,https://m.media-amazon.com/images/I/81xQjuzayAL._AC_UY218_.jpg,Our Missing Hearts: A Novel,"Celeste Ng  | Oct 4, 2022",4.3,"12,135",/Our-Missing-Hearts-Celeste-Ng-ebook/dp/B09QBYCC3J/ref=sr_1_12?qid=1680261196&sr=8-12&srs=17296221011,Penguin Press,"Jan 1, 1970","{'Kindle': '$14.99', 'Audiobook': '$0.00', 'Hardcover': '$15.19', 'Paperback': '$21.49', 'Audio': '$30.06'}","['2', '4', '13', '28', '53']",[]
12,https://m.media-amazon.com/images/I/81iRK9qPcML._AC_UY218_.jpg,An Immense World: How Animal Senses Reveal the Hidden Realms Around Us,Ed Yong and Random House Audio,4.7,"2,175",/Immense-World-Animal-Senses-Reveal/dp/B09LFLMXF2/ref=sr_1_13?qid=1680261196&sr=8-13&srs=17296221011,Random House Audio,"June 21, 2022","{'Kindle': '$13.99', 'Audiobook': '$0.00', 'Hardcover': '$24.99', 'Paperback': '$25.00'}","['1', '1', '3', '14', '81']","['#784 in Audible Books & Originals (See Top 100 in Audible Books & Originals)', '#1 in Zoology (Books)', '#2 in Natural History (Books)', '#2 in Animals (Audible Books & Originals)']"
13,https://m.media-amazon.com/images/I/910-EtZIYKL._AC_UY218_.jpg,"Surrender: 40 Songs, One Story",Bono and Random House Audio,4.6,"2,049",/Surrender-40-Songs-One-Story/dp/B09ZK1XJ4X/ref=sr_1_14?qid=1680261196&sr=8-14&srs=17296221011,Random House Audio,"November 1, 2022","{'Kindle': '$14.99', 'Audiobook': '$0.00', 'Hardcover': '$17.79', 'Paperback': '—', 'Audio': '—'}","['1', '2', '5', '15', '76']","['#302 in Audible Books & Originals (See Top 100 in Audible Books & Originals)', '#1 in Social Activist Biographies', '#1 in Biographies of Activists', '#2 in Composer & Musician Biographies']"
14,https://m.media-amazon.com/images/I/A1qnlFuEGtL._AC_UY218_.jpg,Carrie Soto Is Back: A Novel,"Taylor Jenkins Reid  | Aug 30, 2022",4.4,"20,688",/Carrie-Soto-Back-Taylor-Jenkins-ebook/dp/B09SNYDGR9/ref=sr_1_15?qid=1680261196&sr=8-15&srs=17296221011,Ballantine Books,"Jan 1, 1970","{'Kindle': '$13.99', 'Audiobook': '$0.00', 'Hardcover': '$17.98', 'Paperback': '$18.00', 'Audio': '$32.04'}","['1', '2', '9', '31', '57']",[]
15,https://m.media-amazon.com/images/I/81Js8wlvnDL._AC_UY218_.jpg,"Friends, Lovers, and the Big Terrible Thing: A Memoir",Matthew Perry and Macmillan Audio,4.4,"18,437",/Friends-Lovers-Big-Terrible-Thing/dp/B09RQ4L751/ref=sr_1_16?qid=1680261196&sr=8-16&srs=17296221011,Macmillan Audio,"November 1, 2022","{'Kindle': '$14.99', 'Audiobook': '$0.00', 'Hardcover': '$15.67', 'Paperback': '$25.46', 'Audio': '$23.99'}","['2', '3', '10', '21', '64']","['#111 in Audible Books & Originals (See Top 100 in Audible Books & Originals)', '#1 in Television Performer Biographies', '#1 in Film & TV', '#3 in Actor & Entertainer Biographies']"
16,https://m.media-amazon.com/images/W/IMAGERENDERING_521856-T2/images/I/91fTEzD2QOL._AC_UY218_.jpg,The Marriage Portrait: A novel,"Maggie O'Farrell  | Sep 6, 2022",4.3,"14,119",/Marriage-Portrait-novel-Maggie-OFarrell-ebook/dp/B09RTYQW2S/ref=sr_1_17?qid=1680261260&sr=8-17&srs=17296221011,Knopf,"Jan 1, 1970","{'Kindle': '$14.99', 'Audiobook': '$0.00', 'Hardcover': '$18.78', 'Paperback': '$15.30'}","['2', '3', '13', '31', '51']",[]
17,https://m.media-amazon.com/images/W/IMAGERENDERING_521856-T2/images/I/81d3qLZSKlL._AC_UY218_.jpg,Bittersweet (Oprah's Book Club): How Sorrow and Longing Make Us Whole,"Susan Cain  | Apr 5, 2022",4.5,"1,360",/Bittersweet-Sorrow-Longing-Make-Whole/dp/0451499786/ref=sr_1_18?qid=1680261260&sr=8-18&srs=17296221011,Crown,"Jan 1, 1970","{'Kindle': '$15.99', 'Audiobook': '$0.00', 'Hardcover': '$14.63', 'Paperback': '$18.00', 'Audio': '$24.98'}","['2', '2', '8', '17', '71']",[]
18,https://m.media-amazon.com/images/W/IMAGERENDERING_521856-T2/images/I/71lP-utff4L._AC_UY218_.jpg,And There Was Light: Abraham Lincoln and the American Struggle,Jon Meacham and Random House Audio,4.7,"1,323",/There-Was-Light-American-Struggle/dp/B09W34B832/ref=sr_1_19?qid=1680261260&sr=8-19&srs=17296221011,Random House Audio,"October 18, 2022","{'Kindle': '$14.99', 'Audiobook': '$0.00', 'Hardcover': '$20.23', 'Paperback': '$38.46', 'Audio': '$33.75'}","['2', '1', '4', '10', '83']","['#667 in Audible Books & Originals (See Top 100 in Audible Books & Originals)', '#1 in American Civil War', '#1 in American Civil War Biographies (Books)', '#1 in U.S. Civil War History']"
19,https://m.media-amazon.com/images/W/IMAGERENDERING_521856-T2/images/I/81pZkGGlbjL._AC_UY218_.jpg,The Song of the Cell: An Exploration of Medicine and the New Human,"Siddhartha Mukherjee  | Oct 25, 2022",4.7,"1,282",/Song-Cell-Exploration-Medicine-Human/dp/1982117354/ref=sr_1_20?qid=1680261260&sr=8-20&srs=17296221011,Scribner,"Jan 1, 1970","{'Kindle': '$16.99', 'Audiobook': '$0.00', 'Hardcover': '$17.89', 'Paperback': '$21.00', 'Audio': '$37.66'}","['1', '1', '5', '16', '77']",[]
20,https://m.media-amazon.com/images/W/IMAGERENDERING_521856-T2/images/I/913Ow4kBrhL._AC_UY218_.jpg,Starry Messenger: Cosmic Perspectives on Civilization,Neil deGrasse Tyson and Macmillan Audio,4.7,"2,676",/Starry-Messenger-Cosmic-Perspectives-Civilization/dp/B09Q7Y4GL5/ref=sr_1_21?qid=1680261260&sr=8-21&srs=17296221011,Macmillan Audio,"September 20, 2022","{'Kindle': '$14.99', 'Audiobook': '$0.00', 'Hardcover': '$15.43', 'Paperback': '$28.12', 'Audio': '$29.99'}","['1', '1', '4', '14', '79']","['#824 in Audible Books & Originals (See Top 100 in Audible Books & Originals)', '#1 in Science Essays & Commentary (Books)', '#2 in Physics (Audible Books & Originals)', '#2 in Astrophysics & Space Science (Books)']"
21,https://m.media-amazon.com/images/W/IMAGERENDERING_521856-T2/images/I/71T0UeyDv6L._AC_UY218_.jpg,Solito: A Memoir,Javier Zamora and Random House Audio,4.6,"3,477",/Audible-Solito-Alone-A-Memoir/dp/B09SJ4XFCT/ref=sr_1_22?qid=1680261260&sr=8-22&srs=17296221011,Random House Audio,"September 6, 2022","{'Kindle': '$13.99', 'Audiobook': '$0.00', 'Hardcover': '$23.75', 'Paperback': '$16.20'}","['1', '1', '5', '17', '75']","['#1,114 in Audible Books & Originals (See Top 100 in Audible Books & Originals)', '#1 in Hispanic & Latin Biographies', '#2 in Emigration & Immigration Studies (Audible Books & Originals)', '#2 in Emigration & Immigration Studies (Books)']"
22,https://m.media-amazon.com/images/W/IMAGERENDERING_521856-T2/images/I/81Xs3j5UqAL._AC_UY218_.jpg,Sea of Tranquility: A novel,"Emily St. John Mandel  | Apr 5, 2022",4.3,"19,443",/Sea-Tranquility-Emily-John-Mandel-ebook/dp/B099DRHTLX/ref=sr_1_23?qid=1680261260&sr=8-23&srs=17296221011,Vintage,"Jan 1, 1970","{'Kindle': '$11.99', 'Audiobook': '$0.00', 'Hardcover': '$17.00', 'Paperback': '$15.30', 'Audio': '$32.95'}","['1', '3', '12', '32', '52']",[]
23,https://m.media-amazon.com/images/W/IMAGERENDERING_521856-T2/images/I/81TrZAPVcCL._AC_UY218_.jpg,Cinema Speculation,"Quentin Tarantino  | Nov 1, 2022",4.5,"1,250",/Cinema-Speculation-Quentin-Tarantino/dp/0063112582/ref=sr_1_24?qid=1680261260&sr=8-24&srs=17296221011,Harper,"Jan 1, 1970","{'Kindle': '$15.99', 'Audiobook': '$0.00', 'Hardcover': '$21.86', 'Paperback': '$21.99', 'Audio': '$33.27'}","['1', '2', '6', '20', '70']",[]
24,https://m.media-amazon.com/images/W/IMAGERENDERING_521856-T2/images/I/71xD1Mog4AL._AC_UY218_.jpg,What If? 2: Additional Serious Scientific Answers to Absurd Hypothetical Questions,"Part of: What If? (2 books)   |  Randall Munroe  | Sep 13, 2022",4.8,"2,276",/What-Additional-Scientific-Hypothetical-Questions/dp/0525537112/ref=sr_1_25?qid=1680261260&sr=8-25&srs=17296221011,Riverhead Books,"Jan 1, 1970","{'Kindle': '$15.99', 'Audiobook': '$0.00', 'Hardcover': '$18.57', 'Paperback': '$19.00'}","['1', '1', '3', '13', '83']",[]
25,https://m.media-amazon.com/images/W/IMAGERENDERING_521856-T2/images/I/911q2NsUlDL._AC_UY218_.jpg,The Winners: A Novel,"Book 3 of 3: Beartown   |  Fredrik Backman, Marin Ireland, et al.",4.6,"7,592",/Audible-The-Winners-A-Novel/dp/B09V8GLPTK/ref=sr_1_26?qid=1680261260&sr=8-26&srs=17296221011,Simon & Schuster Audio,"September 27, 2022","{'Kindle': '$14.99', 'Audiobook': '$0.00', 'Hardcover': '$14.99', 'Paperback': '$19.99', 'Audio': '$43.73'}","['1', '1', '6', '19', '73']","['#1,004 in Audible Books & Originals (See Top 100 in Audible Books & Originals)', '#3 in Sports Fiction (Audible Books & Originals)', '#6 in Small Town & Rural Fiction (Audible Books & Originals)', '#21 in Small Town & Rural Fiction (Books)']"
26,https://m.media-amazon.com/images/W/IMAGERENDERING_521856-T2/images/I/81iT24wD0ML._AC_UY218_.jpg,Take My Hand,"Dolen Perkins-Valdez, Lauren J. Daggett, et al.",4.5,"5,212",/Take-My-Hand/dp/B09B2R8J5G/ref=sr_1_27?qid=1680261260&sr=8-27&srs=17296221011,Penguin Audio,"April 12, 2022","{'Kindle': '$13.99', 'Audiobook': '$0.00', 'Hardcover': '$14.11', 'Paperback': '$17.00'}","['1', '1', '6', '28', '64']","['#1,425 in Audible Books & Originals (See Top 100 in Audible Books & Originals)', '#10 in Black & African American Historical Fiction (Books)', '#23 in African American Literature', '#83 in Historical Fiction (Audible Books & Originals)']"
27,https://m.media-amazon.com/images/W/IMAGERENDERING_521856-T2/images/I/91ufGHoA9kL._AC_UY218_.jpg,All the Broken Places: A Novel,"John Boyne  | Nov 29, 2022",4.6,"6,196",/All-Broken-Places-John-Boyne-ebook/dp/B0B14GBSYH/ref=sr_1_28?qid=1680261260&sr=8-28&srs=17296221011,Pamela Dorman Books,"Jan 1, 1970","{'Kindle': '$14.99', 'Audiobook': '$0.00', 'Hardcover': '$24.33', 'Paperback': '$34.58'}","['1', '1', '4', '21', '73']",[]
28,https://m.media-amazon.com/images/W/IMAGERENDERING_521856-T2/images/I/814h-ay5h4L._AC_UY218_.jpg,The Escape Artist: The Man Who Broke Out of Auschwitz to Warn the World,"Jonathan Freedland  | Oct 18, 2022",4.6,"3,360",/Escape-Artist-Broke-Auschwitz-World-ebook/dp/B09QGSNB53/ref=sr_1_29?qid=1680261260&sr=8-29&srs=17296221011,Harper,"Jan 1, 1970","{'Kindle': '$14.99', 'Audiobook': '$0.00', 'Hardcover': '$26.09', 'Paperback': '$17.99', 'Audio': '$31.61'}","['1', '1', '5', '25', '69']",[]
29,https://m.media-amazon.com/images/W/IMAGERENDERING_521856-T2/images/I/71UlTs6v9UL._AC_UY218_.jpg,The Maid: A Novel,"Nita Prose, Lauren Ambrose, et al.",4.2,"64,343",/Audible-The-Maid-A-Novel/dp/B09FYHXPBH/ref=sr_1_30?qid=1680261260&sr=8-30&srs=17296221011,Random House Audio,"January 4, 2022","{'Kindle': '$14.99', 'Audiobook': '$0.00', 'Hardcover': '$14.74', 'Paperback': '$10.00'}","['2', '3', '13', '34', '48']","['#97 in Audible Books & Originals (See Top 100 in Audible Books & Originals)', '#1 in Cozy Mysteries (Audible Books & Originals)', '#2 in Cozy Mysteries (Books)', '#3 in Domestic Thrillers (Audible Books & Originals)']"
30,https://m.media-amazon.com/images/W/IMAGERENDERING_521856-T2/images/I/71FyoSti2xL._AC_UY218_.jpg,Killers of a Certain Age,"Deanna Raybourn  | Sep 6, 2022",4.4,"4,470",/Killers-Certain-Age-Deanna-Raybourn-ebook/dp/B09N6VX4K7/ref=sr_1_31?qid=1680261260&sr=8-31&srs=17296221011,Berkley,"Jan 1, 1970","{'Kindle': '$14.99', 'Audiobook': '$0.00', 'Hardcover': '$20.49', 'Paperback': '$11.63'}","['1', '2', '11', '32', '54']",[]
31,https://m.media-amazon.com/images/W/IMAGERENDERING_521856-T2/images/I/61J+ySs3bXL._AC_UY218_.jpg,"Visual Thinking: The Hidden Gifts of People Who Think in Pictures, Patterns, and Abstractions","Temple Grandin PhD | Oct 11, 2022",4.6,243,/Visual-Thinking-Pictures-Patterns-Abstractions/dp/0593418360/ref=sr_1_32?qid=1680261260&sr=8-32&srs=17296221011,Riverhead Books,"Jan 1, 1970","{'Kindle': '$15.99', 'Audiobook': '$0.00', 'Hardcover': '$20.42', 'Paperback': '$16.24'}","['1', '4', '7', '13', '74']",[]
32,https://m.media-amazon.com/images/I/71RBQViFfPL._AC_UY218_.jpg,Part of Your World,"Ab Jimenez  | Apr 19, 2022",4.6,"8,308",/Part-Your-World-Abby-Jimenez/dp/1538704374/ref=sr_1_33?qid=1680261323&sr=8-33&srs=17296221011,Forever,"Jan 1, 1970","{'Kindle': '$10.99', 'Audiobook': '$0.00', 'Library': '$16.89', 'Paperback': '$9.99', 'Audio': '$31.70'}","['0', '1', '7', '26', '66']",[]
33,https://m.media-amazon.com/images/I/911V88A7KeL._AC_UY218_.jpg,The Paris Apartment: A Novel,"Lucy Foley, Clare Corbett, et al.",4.1,"41,133",/The-Paris-Apartment-A-Novel/dp/B0997FBQFJ/ref=sr_1_34?qid=1680261323&sr=8-34&srs=17296221011,HarperAudio,"February 22, 2022","{'Kindle': '$12.99', 'Audiobook': '$0.00', 'Hardcover': '$15.88', 'Paperback': '$14.24', 'Audio': '—'}","['2', '4', '18', '36', '39']","['#196 in Audible Books & Originals (See Top 100 in Audible Books & Originals)', '#2 in Women Sleuth Mysteries', '#9 in Women Sleuths (Books)', '#10 in Psychological Thrillers (Audible Books & Originals)']"
34,https://m.media-amazon.com/images/I/81U4zD8QMsL._AC_UY218_.jpg,The Overnight Guest: A Novel,"Heather Gudenkauf  | Jan 25, 2022",4.3,"7,245",/Overnight-Guest-Novel-Heather-Gudenkauf-ebook/dp/B08ZSQLZBS/ref=sr_1_35?qid=1680261323&sr=8-35&srs=17296221011,Park Row,"Jan 1, 1970","{'Kindle': '$12.99', 'Audiobook': '$0.00', 'Hardcover': '$17.99', 'Paperback': '$12.49', 'Audio': '$31.44'}","['1', '2', '11', '33', '53']",[]
35,https://m.media-amazon.com/images/I/71YtiahbLyL._AC_UY218_.jpg,Signal Fires: A novel,"Dani Shapiro  | Oct 18, 2022",4.3,"2,725",/Signal-Fires-novel-Dani-Shapiro-ebook/dp/B09Q8FNM11/ref=sr_1_36?qid=1680261323&sr=8-36&srs=17296221011,Knopf,"Jan 1, 1970","{'Kindle': '$14.99', 'Audiobook': '$0.00', 'Hardcover': '$18.99', 'Paperback': '$27.44'}","['2', '3', '12', '30', '52']",[]
36,https://m.media-amazon.com/images/I/913SV5CtsVL._AC_UY218_.jpg,All My Rage: A Novel,"Sabaa Tahir  | Mar 7, 2023",4.7,"1,609",/All-My-Rage-Sabaa-Tahir/dp/0593202368/ref=sr_1_37?qid=1680261323&sr=8-37&srs=17296221011,Razorbill,"Jan 1, 1970","{'Kindle': '$8.99', 'Audiobook': '$0.00', 'Hardcover': '$10.49', 'Paperback': '$11.69'}","['1', '1', '4', '18', '76']",[]
37,https://m.media-amazon.com/images/I/71Y85lJdsHL._AC_UY218_.jpg,Stolen Focus: Why You Can't Pay Attention--and How to Think Deeply Again,"Johann Hari  | Jan 24, 2023",4.4,"4,443",/Stolen-Focus-Attention-Think-Deeply/dp/0593138538/ref=sr_1_38?qid=1680261323&sr=8-38&srs=17296221011,Crown,"Jan 1, 1970","{'Kindle': '$14.99', 'Audiobook': '$0.00', 'Hardcover': '$20.99', 'Paperback': '$16.20'}","['2', '3', '9', '23', '64']",[]
38,https://m.media-amazon.com/images/I/71zJL1N2sgL._AC_UY218_.jpg,Young Mungo,"Douglas Stuart  | Mar 21, 2023",4.5,"1,739",/Young-Mungo-Douglas-Stuart/dp/0802162126/ref=sr_1_39?qid=1680261323&sr=8-39&srs=17296221011,Grove Press,"Jan 1, 1970","{'Kindle': '$9.45', 'Hardcover': '$14.89', 'Paperback': '$16.20'}","['2', '2', '7', '21', '69']",[]
39,https://m.media-amazon.com/images/I/81cABsOmCaL._AC_UY218_.jpg,The Bodyguard: A Novel,"Katherine Center, Patti Murin, et al.",4.3,"7,343",/The-Bodyguard-A-Novel/dp/B09GCMPC93/ref=sr_1_40?qid=1680261323&sr=8-40&srs=17296221011,Macmillan Audio,"July 19, 2022","{'Kindle': '$14.99', 'Audiobook': '$0.00', 'Hardcover': '$15.99', 'Paperback': '$17.00', 'Audio': '$39.99'}","['1', '2', '12', '34', '51']","['#1,309 in Audible Books & Originals (See Top 100 in Audible Books & Originals)', '#26 in Romantic Comedy (Audible Books & Originals)', '#46 in Family Life Fiction (Audible Books & Originals)', ""#86 in Women's Fiction (Audible Books & Originals)""]"
40,https://m.media-amazon.com/images/I/714vv1T7weL._AC_UY218_.jpg,I'll Show Myself Out: Essays on Midlife and Motherhood,"Jessi Klein  | Apr 26, 2022",4.2,732,/Ill-Show-Myself-Out-Motherhood-ebook/dp/B0995Y2YGR/ref=sr_1_41?qid=1680261323&sr=8-41&srs=17296221011,Harper,"Jan 1, 1970","{'Kindle': '$11.99', 'Audiobook': '$0.00', 'Hardcover': '$17.65', 'Paperback': '$18.99', 'Audio': '$23.45'}","['3', '5', '14', '26', '52']",[]
41,https://m.media-amazon.com/images/I/81HUzpIdN9L._AC_UY218_.jpg,"River of the Gods: Genius, Courage, and Betrayal in the Search for the Source of the Nile","Candice Millard, Paul Michael, et al.",4.3,"2,571",/River-Gods-Genius-Courage-Betrayal/dp/B09FFTM2Y8/ref=sr_1_42?qid=1680261323&sr=8-42&srs=17296221011,Random House Audio,"May 17, 2022","{'Kindle': '$14.99', 'Audiobook': '$0.00', 'Hardcover': '$18.00', 'Paperback': '$18.00', 'Audio': '$31.22'}","['1', '2', '11', '32', '53']","['#4,842 in Audible Books & Originals (See Top 100 in Audible Books & Originals)', '#3 in Historical African Biographies (Books)', '#4 in Expeditions & Discoveries', '#5 in African History (Audible Books & Originals)']"
42,https://m.media-amazon.com/images/I/811k+wApPPL._AC_UY218_.jpg,What My Bones Know: A Memoir of Healing from Complex Trauma,Stephanie Foo and Random House Audio,4.7,"2,205",/What-My-Bones-Know-Healing/dp/B0977R5NZ4/ref=sr_1_43?qid=1680261323&sr=8-43&srs=17296221011,Random House Audio,"February 22, 2022","{'Kindle': '$12.99', 'Audiobook': '$0.00', 'Hardcover': '$20.49', 'Paperback': '$16.20'}","['1', '1', '5', '16', '77']","['#629 in Audible Books & Originals (See Top 100 in Audible Books & Originals)', '#5 in PTSD', '#11 in Popular Psychology Pathologies', '#12 in Post-traumatic Stress Disorder']"
43,https://m.media-amazon.com/images/I/71PSosAox1L._AC_UY218_.jpg,The Christie Affair: A Novel,"Nina de Gramont  | Feb 1, 2022",4.3,"9,364",/Christie-Affair-Novel-Nina-Gramont-ebook/dp/B092T9DMJ5/ref=sr_1_44?qid=1680261323&sr=8-44&srs=17296221011,St. Martin's Press,"Jan 1, 1970","{'Kindle': '$11.99', 'Audiobook': '$0.00', 'Hardcover': '$14.69', 'Paperback': '$17.99', 'Audio': '$39.99'}","['1', '3', '14', '32', '50']",[]
44,https://m.media-amazon.com/images/I/81XWMjUuzML._AC_UY218_.jpg,The German Wife: A Novel,"Kelly Rimmer  | Jun 28, 2022",4.5,"3,260",/German-Wife-Novel-Kelly-Rimmer-ebook/dp/B09FGT2V4F/ref=sr_1_45?qid=1680261323&sr=8-45&srs=17296221011,Graydon House,"Jan 1, 1970","{'Kindle': '$14.99', 'Audiobook': '$0.00', 'Hardcover': '$23.49', 'Paperback': '$13.84', 'Spiral-bound': '$31.14', 'Audio': '$33.27'}","['1', '1', '6', '26', '66']",[]
45,https://m.media-amazon.com/images/I/71Eat8UjvHL._AC_UY218_.jpg,By Hands Now Known: Jim Crow's Legal Executioners,"Margaret A. Burnham  | Sep 27, 2022",4.7,85,/Hands-Now-Known-Crows-Executioners/dp/0393867854/ref=sr_1_46?qid=1680261323&sr=8-46&srs=17296221011,W. W. Norton & Company,"Jan 1, 1970","{'Kindle': '$9.66', 'Audiobook': '$0.00', 'Hardcover': '$15.27', 'Paperback': '$19.95'}","['0', '2', '4', '20', '74']",[]
46,https://m.media-amazon.com/images/I/81peOOwSM6L._AC_UY218_.jpg,The Door of No Return,"Kwame Alexander  | Sep 27, 2022",4.6,137,/Door-No-Return-Kwame-Alexander/dp/0316441864/ref=sr_1_47?qid=1680261323&sr=8-47&srs=17296221011,"Little, Brown Books for Young Readers","Jan 1, 1970","{'Kindle': '$9.99', 'Audiobook': '$0.00', 'Hardcover': '$10.47', 'Audio': '$32.55'}","['1', '1', '8', '14', '76']",[]
47,https://m.media-amazon.com/images/I/71kmzOiW16L._AC_UY218_.jpg,City on Fire: A Novel,"Book 1 of 2: The City   |  Don Winslow  | Apr 26, 2022",4.3,"7,650",/City-Fire-Novel-Don-Winslow-ebook/dp/B09131XKCQ/ref=sr_1_48?qid=1680261323&sr=8-48&srs=17296221011,William Morrow,"Jan 1, 1970","{'Kindle': '$14.99', 'Audiobook': '$0.00', 'Hardcover': '$14.99', 'Paperback': '$16.33', 'Audio': '$34.86'}","['2', '3', '11', '30', '54']",[]
48,https://m.media-amazon.com/images/I/81DE33NaPNL._AC_UY218_.jpg,The Whalebone Theatre: A novel,"Joanna Quinn  | Oct 4, 2022",4.4,"1,249",/Whalebone-Theatre-novel-Joanna-Quinn-ebook/dp/B09LHBD39F/ref=sr_1_49?qid=1680261389&sr=8-49&srs=17296221011,Knopf,"Jan 1, 1970","{'Kindle': '$14.99', 'Audiobook': '$0.00', 'Hardcover': '$15.22', 'Paperback': '$24.65'}","['2', '3', '9', '27', '59']",[]
49,https://m.media-amazon.com/images/I/81gnY73kmGL._AC_UY218_.jpg,Nightcrawling: A Novel,"Leila Mottley, Joniece Abbott-Pratt, et al.",4.4,"3,950",/Audible-Nightcrawling-A-Novel/dp/B09GPYTKWX/ref=sr_1_50?qid=1680261389&sr=8-50&srs=17296221011,Random House Audio,"June 7, 2022","{'Kindle': '$14.99', 'Audiobook': '$0.00', 'Hardcover': '$16.99', 'Paperback': '$17.00'}","['1', '2', '11', '26', '59']","['#5,865 in Audible Books & Originals (See Top 100 in Audible Books & Originals)', '#9 in Urban Fiction (Audible Books & Originals)', '#50 in Fiction Urban Life', '#164 in Family Life Fiction (Audible Books & Originals)']"
50,https://m.media-amazon.com/images/I/71kmzOiW16L._AC_UY218_.jpg,City on Fire: A Novel,"Book 1 of 2: The City   |  Don Winslow  | Apr 26, 2022",4.3,"7,650",/City-Fire-Novel-Don-Winslow-ebook/dp/B09131XKCQ/ref=sr_1_51?qid=1680261389&sr=8-51&srs=17296221011,William Morrow,"Jan 1, 1970","{'Kindle': '$14.99', 'Audiobook': '$0.00', 'Hardcover': '$14.99', 'Paperback': '$16.33', 'Audio': '$34.86'}","['2', '3', '11', '30', '54']",[]
51,https://m.media-amazon.com/images/I/81QtLzgF1RL._AC_UY218_.jpg,Black Cake: A Novel,"Charmaine Wilkerson, Lynnette R. Freeman, et al.",4.4,"14,655",/Audible-Black-Cake-A-Novel/dp/B09B2NNXMG/ref=sr_1_52?qid=1680261389&sr=8-52&srs=17296221011,Random House Audio,"February 1, 2022","{'Kindle': '$13.99', 'Audiobook': '$0.00', 'Hardcover': '$16.99', 'Paperback': '$12.75'}","['1', '2', '11', '30', '56']","['#466 in Audible Books & Originals (See Top 100 in Audible Books & Originals)', '#9 in Coming of Age Fiction (Audible Books & Originals)', '#18 in Family Life Fiction (Audible Books & Originals)', '#48 in Coming of Age Fiction (Books)']"
52,https://m.media-amazon.com/images/I/81jEc6olAeL._AC_UY218_.jpg,Memphis: A Novel,"Tara M. Stringfellow  | Apr 5, 2022",4.5,"3,551",/Memphis-Novel-Tara-M-Stringfellow-ebook/dp/B093YSLSJD/ref=sr_1_53?qid=1680261389&sr=8-53&srs=17296221011,The Dial Press,"Jan 1, 1970","{'Kindle': '$13.99', 'Audiobook': '$0.00', 'Hardcover': '$14.11', 'Paperback': '$11.69'}","['1', '2', '8', '26', '63']",[]
53,https://m.media-amazon.com/images/I/71877Z+S0nL._AC_UY218_.jpg,When in Rome: A Novel,"Sarah Adams  | Sep 20, 2022",4.3,"2,446",/When-Rome-Novel-Sarah-Adams-ebook/dp/B09QJM783S/ref=sr_1_54?qid=1680261389&sr=8-54&srs=17296221011,Dell,"Jan 1, 1970","{'Kindle': '$7.99', 'Audiobook': '$0.00', 'Paperback': '$12.91'}","['1', '3', '14', '32', '50']",[]
54,https://m.media-amazon.com/images/I/814YCGJPGgL._AC_UY218_.jpg,Like a Rolling Stone: A Memoir,"Jann  Wenner  | Sep 13, 2022",4.3,"1,178",/Like-Rolling-Stone-Jann-Wenner-ebook/dp/B09PL5JG93/ref=sr_1_55?qid=1680261389&sr=8-55&srs=17296221011,"Little, Brown and Company","Jan 1, 1970","{'Kindle': '$16.99', 'Audiobook': '$0.00', 'Hardcover': '$18.29', 'Paperback': '$16.99', 'Audio': '$55.00'}","['4', '4', '9', '22', '62']",[]
55,https://m.media-amazon.com/images/I/81wxhBTc+dL._AC_UY218_.jpg,"Emotional Inheritance: A Therapist, Her Patients, and the Legacy of Trauma","Galit Atlas  | Jan 25, 2022",4.5,658,/Emotional-Inheritance-Therapist-Patients-Legacy-ebook/dp/B093ZPV3RG/ref=sr_1_56?qid=1680261389&sr=8-56&srs=17296221011,"Little, Brown Spark","Jan 1, 1970","{'Kindle': '$13.99', 'Audiobook': '$0.00', 'Hardcover': '$22.99', 'Paperback': '$18.99', 'Audio': '$31.70'}","['2', '2', '5', '19', '71']",[]
56,https://m.media-amazon.com/images/I/912y9mvq6uL._AC_UY218_.jpg,Now Is Not the Time to Panic: A Novel,"Kevin Wilson, Ginnifer Goodwin, et al.",4.0,"1,761",/Now-Not-Time-Panic-Novel/dp/B09TWRP839/ref=sr_1_57?qid=1680261389&sr=8-57&srs=17296221011,HarperAudio,"November 8, 2022","{'Kindle': '$14.99', 'Audiobook': '$0.00', 'Hardcover': '$18.39', 'Paperback': '$18.99', 'Audio': '$29.30'}","['2', '5', '21', '38', '34']","['#4,762 in Audible Books & Originals (See Top 100 in Audible Books & Originals)', '#8 in Southern United States Literature', '#25 in Southern Fiction', '#75 in Coming of Age Fiction (Audible Books & Originals)']"
57,https://m.media-amazon.com/images/I/9109ZHfsJyL._AC_UY218_.jpg,Unmasked: My Life Solving America's Cold Cases,"Paul Holes, Robin Ga Fisher, et al.",4.5,"2,841",/Unmasked-Life-Solving-Americas-Cases/dp/B094DNHM3N/ref=sr_1_58?qid=1680261389&sr=8-58&srs=17296221011,Macmillan Audio,"April 26, 2022","{'Kindle': '$14.99', 'Audiobook': '$0.00', 'Hardcover': '$14.25', 'Paperback': '$18.00'}","['1', '2', '8', '22', '68']","['#3,072 in Audible Books & Originals (See Top 100 in Audible Books & Originals)', '#6 in Serial Killers True Crime', '#10 in Law Enforcement Biographies', '#15 in Serial Killers True Accounts']"
58,https://m.media-amazon.com/images/I/91KuSJemvGL._AC_UY218_.jpg,"Prisoners of the Castle: An Epic Story of Survival and Escape from Colditz, the Nazis' Fortress Prison","Ben Macintyre  | Sep 13, 2022",4.6,"1,695",/Prisoners-Castle-Survival-Colditz-Fortress-ebook/dp/B09NLPP1CP/ref=sr_1_59?qid=1680261389&sr=8-59&srs=17296221011,Crown,"Jan 1, 1970","{'Kindle': '$13.99', 'Audiobook': '$0.00', 'Hardcover': '$17.26', 'Paperback': '$26.91', 'Audio': '$33.53'}","['1', '1', '6', '24', '68']",[]
59,https://m.media-amazon.com/images/I/71dNe7sxbQL._AC_UY218_.jpg,"Hello, Molly!: A Memoir","Molly Shannon, Sean Wilsey, et al.",4.6,"2,298",/Audible-Hello-Molly-A-Memoir/dp/B09BBPWR7P/ref=sr_1_60?qid=1680261389&sr=8-60&srs=17296221011,HarperAudio,"April 12, 2022","{'Kindle': '$14.99', 'Audiobook': '$0.00', 'Hardcover': '$14.93', 'Paperback': '$19.99', 'Audio': '$29.77'}","['1', '2', '7', '19', '70']","['#1,497 in Audible Books & Originals (See Top 100 in Audible Books & Originals)', '#15 in Biographies of Women', ""#32 in Women's Biographies"", '#33 in Biographies of Celebrities & Entertainment Professionals']"
60,https://m.media-amazon.com/images/I/71T4RReoaML._AC_UY218_.jpg,Things We Do in the Dark: A Novel,"Jennifer Hillier  | Jul 19, 2022",4.2,"5,309",/Things-We-Do-Dark-Novel-ebook/dp/B09CNF5JK3/ref=sr_1_61?qid=1680261389&sr=8-61&srs=17296221011,Minotaur Books,"Jan 1, 1970","{'Kindle': '$14.99', 'Audiobook': '$0.00', 'Hardcover': '$17.29', 'Paperback': '$18.00'}","['1', '2', '14', '39', '43']",[]
61,https://m.media-amazon.com/images/I/71Fce7sTouL._AC_UY218_.jpg,How Not to Drown in a Glass of Water: A Novel,"Angie Cruz, Kimberly M. Wetherell, et al.",4.2,937,/How-Not-Drown-Glass-Water/dp/B09Q7SSCMG/ref=sr_1_62?qid=1680261389&sr=8-62&srs=17296221011,Macmillan Audio,"September 13, 2022","{'Kindle': '$14.99', 'Audiobook': '$0.00', 'Hardcover': '$23.99', 'Paperback': '$17.99'}","['2', '3', '15', '33', '48']","['#9,761 in Audible Books & Originals (See Top 100 in Audible Books & Originals)', '#16 in Latino American Literature', '#59 in Hispanic American Literature & Fiction', ""#482 in Women's Fiction (Audible Books & Originals)""]"
62,https://m.media-amazon.com/images/I/91VddZyY4YL._AC_UY218_.jpg,How to Raise an Antiracist,"Ibram X. Kendi  | Jun 14, 2022",4.7,173,/How-Raise-Antiracist-Ibram-Kendi/dp/059324253X/ref=sr_1_63?qid=1680261389&sr=8-63&srs=17296221011,One World,"Jan 1, 1970","{'Kindle': '$14.99', 'Audiobook': '$0.00', 'Hardcover': '$17.22', 'Paperback': '$21.49'}","['2', '0', '3', '12', '83']",[]
63,https://m.media-amazon.com/images/I/91P3C3+rx1L._AC_UY218_.jpg,A Lady's Guide to Fortune-Hunting: A Novel,"Sophie Irwin  | Jul 12, 2022",4.3,"2,386",/Ladys-Guide-Fortune-Hunting-Novel-ebook/dp/B09JB7L18C/ref=sr_1_64?qid=1680261389&sr=8-64&srs=17296221011,Pamela Dorman Books,"Jan 1, 1970","{'Kindle': '$14.99', 'Audiobook': '$0.00', 'Hardcover': '$16.99', 'Paperback': '$17.00'}","['1', '3', '13', '35', '49']",[]
64,https://m.media-amazon.com/images/I/91EK0pq+v+L._AC_UY218_.jpg,Shutter,"Ramona Emerson, Charley Flyte, et al.",4.3,978,/Audible-Shutter/dp/B0B1QVRDGJ/ref=sr_1_65?qid=1680261489&sr=8-65&srs=17296221011,Recorded Books,"August 2, 2022","{'Kindle': '$14.99', 'Audiobook': '$0.00', 'Hardcover': '$14.29', 'Paperback': '$16.95'}","['2', '3', '13', '30', '52']","['#10,983 in Audible Books & Originals (See Top 100 in Audible Books & Originals)', '#22 in Ghost Horror Fiction', '#26 in Native American Literature (Audible Books & Originals)', '#121 in Native American Literature (Books)']"
65,https://m.media-amazon.com/images/I/71duwitbLBL._AC_UY218_.jpg,Book Lovers,"Emily Henry  | May 3, 2022",4.5,"58,450",/Book-Lovers-Emily-Henry-ebook/dp/B09BTQ9HW6/ref=sr_1_66?qid=1680261489&sr=8-66&srs=17296221011,Berkley,"Jan 1, 1970","{'Kindle': '$9.99', 'Audiobook': '$0.00', 'Hardcover': '$16.99', 'Paperback': '$9.99'}","['1', '2', '9', '27', '61']",[]
66,https://m.media-amazon.com/images/I/81wjlf+1Z8L._AC_UY218_.jpg,Bad City: Peril and Power in the City of Angels,"Paul Pringle  | Jul 19, 2022",4.5,752,/Bad-City-Peril-Power-Angels/dp/1250824087/ref=sr_1_67?qid=1680261489&sr=8-67&srs=17296221011,Celadon Books,"Jan 1, 1970","{'Kindle': '$14.99', 'Audiobook': '$0.00', 'Hardcover': '$16.99', 'Paperback': '$18.00', 'Spiral-bound': '$50.94'}","['2', '1', '7', '27', '63']",[]
67,https://m.media-amazon.com/images/I/71u0oWneSUL._AC_UY218_.jpg,Butts: A Backstory,"Heather Radke  | Nov 29, 2022",4.0,115,/Butts-Backstory-Heather-Radke/dp/1982135484/ref=sr_1_68?qid=1680261489&sr=8-68&srs=17296221011,Avid Reader Press / Simon & Schuster,"Jan 1, 1970","{'Kindle': '$14.99', 'Audiobook': '$0.00', 'Hardcover': '$20.49', 'Paperback': '$18.99', 'Audio': '$31.68'}","['3', '9', '18', '23', '47']",[]
68,https://m.media-amazon.com/images/I/81p7iel7fpL._AC_UY218_.jpg,"Raising Lazarus: Hope, Justice, and the Future of America's Overdose Crisis","Beth Macy  | Aug 16, 2022",4.5,110,/Raising-Lazarus-Justice-Americas-Overdose-ebook/dp/B09N3GVQ3G/ref=sr_1_69?qid=1680261489&sr=8-69&srs=17296221011,"Little, Brown and Company","Jan 1, 1970","{'Kindle': '$14.99', 'Audiobook': '$0.00', 'Hardcover': '$15.71', 'Paperback': '$19.99', 'Audio': '$45.00'}","['3', '4', '7', '16', '70']",[]
69,https://m.media-amazon.com/images/I/81WqM47lDhL._AC_UY218_.jpg,"The Last Slave Ship: The True Story of How Clotilda Was Found, Her Descendants, and an Extraordinary Reckoning","Ben Raines  | Jan 25, 2022",4.6,780,/Last-Slave-Ship-Descendants-Extraordinary/dp/1982136049/ref=sr_1_70?qid=1680261489&sr=8-70&srs=17296221011,Simon & Schuster,"Jan 1, 1970","{'Kindle': '$13.99', 'Audiobook': '$0.00', 'Hardcover': '$9.44', 'Paperback': '$13.95', 'Audio': '$24.93'}","['0', '2', '5', '20', '73']",[]
70,https://m.media-amazon.com/images/I/81bUOXfKm-L._AC_UY218_.jpg,Gilded Mountain: A Novel,"Kate Manning  | Nov 1, 2022",4.3,451,/Gilded-Mountain-Novel-Kate-Manning-ebook/dp/B09RX2RSSS/ref=sr_1_71?qid=1680261489&sr=8-71&srs=17296221011,Scribner,"Jan 1, 1970","{'Kindle': '$13.99', 'Audiobook': '$0.00', 'Hardcover': '$19.29', 'Paperback': '$18.00', 'Audio': '$36.59'}","['2', '3', '10', '35', '50']",[]
71,https://m.media-amazon.com/images/I/81JdbR46YlL._AC_UY218_.jpg,The Man Who Could Move Clouds: A Memoir,"Ingrid Rojas Contreras  | Jul 12, 2022",4.4,176,/Man-Who-Could-Move-Clouds/dp/0385546661/ref=sr_1_72?qid=1680261489&sr=8-72&srs=17296221011,Doubleday,"Jan 1, 1970","{'Kindle': '$14.99', 'Audiobook': '$0.00', 'Hardcover': '$22.49', 'Paperback': '$17.00'}","['1', '5', '11', '22', '61']",[]
72,https://m.media-amazon.com/images/I/71ftXOmRB0L._AC_UY218_.jpg,In Love: A Memoir of Love and Loss,"Amy Bloom  | Mar 8, 2022",4.5,"3,353",/Love-Memoir-Loss-ebook/dp/B096XGDWSX/ref=sr_1_73?qid=1680261489&sr=8-73&srs=17296221011,Random House,"Jan 1, 1970","{'Kindle': '$2.99', 'Audiobook': '$0.00', 'Hardcover': '$23.99', 'Paperback': '$16.20'}","['1', '2', '8', '20', '69']",[]
73,https://m.media-amazon.com/images/I/91NOQ55v6VL._AC_UY218_.jpg,The Come Up: An Oral History of the Rise of Hip-Hop,"Jonathan Abrams  | Oct 18, 2022",4.5,42,/Come-Up-Oral-History-Hip-Hop-ebook/dp/B09RF3R231/ref=sr_1_74?qid=1680261489&sr=8-74&srs=17296221011,Crown,"Jan 1, 1970","{'Kindle': '$13.99', 'Audiobook': '$0.00', 'Hardcover': '$24.49', 'Paperback': '$23.52'}","['0', '4', '6', '26', '64']",[]
74,https://m.media-amazon.com/images/I/81FiGKrI5PL._AC_UY218_.jpg,The Kaiju Preservation Society,"John Scalzi, Wil Wheaton, et al.",4.4,"7,934",/The-Kaiju-Preservation-Society/dp/B098G79B1Q/ref=sr_1_75?qid=1680261489&sr=8-75&srs=17296221011,Audible Studios,"March 15, 2022","{'Kindle': '$11.99', 'Audiobook': '$0.00', 'Hardcover': '$20.49', 'Paperback': '$17.99', 'Audio': '$18.43'}","['1', '2', '10', '29', '57']","['#662 in Audible Books & Originals (See Top 100 in Audible Books & Originals)', '#8 in First Contact Science Fiction (Audible Books & Originals)', '#18 in Alien Invasion Science Fiction', '#26 in Adventure Science Fiction']"
75,https://m.media-amazon.com/images/I/81NdR0rVXDL._AC_UY218_.jpg,Our Crooked Hearts: A Novel,"Melissa Albert  | Jun 28, 2022",4.3,625,/Our-Crooked-Hearts-Melissa-Albert-ebook/dp/B09HJXT4KW/ref=sr_1_76?qid=1680261489&sr=8-76&srs=17296221011,Flatiron Books,"Jan 1, 1970","{'Kindle': '$10.99', 'Audiobook': '$0.00', 'Hardcover': '$1.49', 'Paperback': '$12.99'}","['1', '1', '15', '33', '50']",[]
76,https://m.media-amazon.com/images/I/81bRujOgt7L._AC_UY218_.jpg,How to Speak Whale: A Voyage into the Future of Animal Communication,"Tom Mustill  | Sep 6, 2022",4.5,93,/How-Speak-Whale-Voyage-Communication-ebook/dp/B09PL5H8TT/ref=sr_1_77?qid=1680261489&sr=8-77&srs=17296221011,Grand Central Publishing,"Jan 1, 1970","{'Kindle': '$14.99', 'Audiobook': '$0.00', 'Hardcover': '$24.99', 'Paperback': '$18.99', 'Audio': '$26.74'}","['4', '0', '9', '17', '70']",[]
77,https://m.media-amazon.com/images/I/91T5iorvFbL._AC_UY218_.jpg,Corrections in Ink: A Memoir,"Keri Blakinger  | Jun 7, 2022",4.6,686,/Corrections-Ink-Memoir-Keri-Blakinger/dp/1250272858/ref=sr_1_78?qid=1680261489&sr=8-78&srs=17296221011,St. Martin's Press,"Jan 1, 1970","{'Kindle': '$14.99', 'Audiobook': '$0.00', 'Hardcover': '$15.99', 'Paperback': '$19.00'}","['1', '1', '6', '20', '73']",[]
78,https://m.media-amazon.com/images/I/81m4dJ8d9-L._AC_UY218_.jpg,Acceptance: A Memoir,"Emi Nietfeld  | Aug 2, 2022",4.5,439,/Acceptance-Memoir-Emi-Nietfeld-ebook/dp/B09KXS5KKL/ref=sr_1_79?qid=1680261489&sr=8-79&srs=17296221011,Penguin Press,"Jan 1, 1970","{'Kindle': '$14.99', 'Audiobook': '$0.00', 'Hardcover': '$10.28'}","['2', '1', '8', '22', '66']",[]
79,https://m.media-amazon.com/images/I/81en0hLe2+L._AC_UY218_.jpg,Tanqueray,"Brandon Stanton  and Stephanie Johnson | Jul 12, 2022",4.8,"2,252",/Tanqueray-Brandon-Stanton/dp/1250278279/ref=sr_1_80?qid=1680261489&sr=8-80&srs=17296221011,St. Martin's Press,"Jan 1, 1970","{'Kindle': '$12.99', 'Audiobook': '$0.00', 'Hardcover': '$12.33'}","['1', '1', '4', '10', '84']",[]
80,https://m.media-amazon.com/images/I/81SA3p4+x5L._AC_UY218_.jpg,"Like, Comment, Subscribe: Inside YouTube's Chaotic Rise to World Domination","Mark Bergen  | Sep 6, 2022",4.4,126,/Like-Comment-Subscribe-YouTubes-Domination/dp/0593296346/ref=sr_1_81?qid=1680261563&sr=8-81&srs=17296221011,Viking,"Jan 1, 1970","{'Kindle': '$15.99', 'Audiobook': '$0.00', 'Hardcover': '$20.49', 'Paperback': '$24.00'}","['1', '3', '13', '26', '57']",[]
81,https://m.media-amazon.com/images/I/71Bi-0uqa5L._AC_UY218_.jpg,The Hookup Plan,"Book 3 of 3: Boyfriend Project   |  Farrah Rochon  | Aug 2, 2022",4.4,658,/Hookup-Plan-Farrah-Rochon-ebook/dp/B09N3F3WV5/ref=sr_1_82?qid=1680261563&sr=8-82&srs=17296221011,Forever,"Jan 1, 1970","{'Kindle': '$3.99', 'Audiobook': '$0.00', 'Paperback': '$12.00', 'Audio': '$25.00'}","['0', '1', '9', '34', '56']",[]
82,https://m.media-amazon.com/images/I/91R769GgqeL._AC_UY218_.jpg,Lavender House: A Novel,"Lev AC Rosen  | Oct 18, 2022",4.4,320,/Lavender-House-Lev-AC-Rosen-ebook/dp/B09NK7VYGF/ref=sr_1_83?qid=1680261563&sr=8-83&srs=17296221011,Forge Books,"Jan 1, 1970","{'Kindle': '$13.99', 'Audiobook': '$0.00', 'Hardcover': '$25.31', 'Paperback': '$17.99'}","['1', '2', '12', '29', '56']",[]
83,https://m.media-amazon.com/images/I/71KWFLSchiL._AC_UY218_.jpg,His Name Is George Floyd: One Man's Life and the Struggle for Racial Justice,"Robert Samuels  and Toluse Olorunnipa  | May 17, 2022",4.7,218,/His-Name-George-Floyd-Struggle/dp/0593490614/ref=sr_1_84?qid=1680261563&sr=8-84&srs=17296221011,Viking,"Jan 1, 1970","{'Kindle': '$14.99', 'Audiobook': '$0.00', 'Hardcover': '$23.99', 'Paperback': '$23.06'}","['2', '3', '4', '9', '83']",[]
84,https://m.media-amazon.com/images/I/71Ib87d4ARL._AC_UY218_.jpg,The Unsinkable Greta James: A Novel,"Jennifer E. Smith  | Mar 1, 2022",4.3,"2,349",/Unsinkable-Greta-James-Novel-ebook/dp/B096D6BCTF/ref=sr_1_85?qid=1680261563&sr=8-85&srs=17296221011,Ballantine Books,"Jan 1, 1970","{'Kindle': '$11.99', 'Audiobook': '$0.00', 'Hardcover': '$15.49', 'Paperback': '$17.00'}","['1', '3', '13', '37', '47']",[]
85,https://m.media-amazon.com/images/I/81o0F4b9PdL._AC_UY218_.jpg,The First Kennedys: The Humble Roots of an American Dynasty,"Neal Thompson  | Feb 22, 2022",4.3,397,/First-Kennedys-Humble-American-Dynasty-ebook/dp/B08NWRR59W/ref=sr_1_86?qid=1680261563&sr=8-86&srs=17296221011,Mariner Books,"Jan 1, 1970","{'Kindle': '$12.99', 'Audiobook': '$0.00', 'Hardcover': '$19.85', 'Paperback': '$21.99', 'Audio': '$28.00'}","['4', '3', '11', '26', '57']",[]
86,https://m.media-amazon.com/images/I/91XHumXWseL._AC_UY218_.jpg,The Two Lives of Sara: A Novel,"Catherine Adel West  | Sep 6, 2022",4.2,198,/Two-Lives-Sara-Novel-ebook/dp/B09QQMXGYK/ref=sr_1_87?qid=1680261563&sr=8-87&srs=17296221011,Park Row,"Jan 1, 1970","{'Kindle': '$13.99', 'Audiobook': '$0.00', 'Hardcover': '$15.39', 'Paperback': '$16.99', 'Audio': '$23.52'}","['2', '2', '14', '35', '47']",[]
87,https://m.media-amazon.com/images/I/71cVYnvkN9L._AC_UY218_.jpg,Token Black Girl: A Memoir,"Danielle Prescod  | Oct 1, 2022",4.2,"3,210",/Token-Black-Girl-Danielle-Prescod-ebook/dp/B09KLLG3L2/ref=sr_1_88?qid=1680261563&sr=8-88&srs=17296221011,Little A,"Jan 1, 1970","{'Kindle': '$0.00', 'Audiobook': '$0.00', 'Hardcover': '$15.67', 'Paperback': '$10.99', 'Audio': '$13.72'}","['2', '4', '15', '29', '50']",[]
88,https://m.media-amazon.com/images/I/81sNPbR+VwL._AC_UY218_.jpg,Cabin Fever: The Harrowing Journey of a Cruise Ship at the Dawn of a Pandemic,"Michael Smith  and Jonathan Franklin  | Jun 21, 2022",4.5,530,/Cabin-Fever-Harrowing-Journey-Pandemic-ebook/dp/B09GW1HFDH/ref=sr_1_89?qid=1680261563&sr=8-89&srs=17296221011,Doubleday,"Jan 1, 1970","{'Kindle': '$14.99', 'Audiobook': '$0.00', 'Hardcover': '$24.49', 'Paperback': '$25.75'}","['1', '2', '7', '26', '64']",[]
89,https://m.media-amazon.com/images/I/81fcapAK1sL._AC_UY218_.jpg,The Final Strife: Book One of The Ending Fire Trilogy,"Book 1 of 2: The Ending Fire Trilogy   |  Saara El-Arifi  | Jun 21, 2022",4.6,350,/Final-Strife-Saara-El-Arifi-ebook/dp/B09HTH9QC3/ref=sr_1_90?qid=1680261563&sr=8-90&srs=17296221011,Del Rey,"Jan 1, 1970","{'Kindle': '$11.99', 'Audiobook': '$0.00', 'Hardcover': '$20.99', 'Paperback': '$18.00'}","['1', '2', '4', '23', '70']",[]
90,https://m.media-amazon.com/images/I/81ChpDzmdjL._AC_UY218_.jpg,Paris Daillencourt Is About to Crumble (Winner Bakes All Book 2),"Book 2 of 3: Winner Bakes All   |  Alexis Hall  | Nov 1, 2022",4.1,447,/Paris-Daillencourt-About-Crumble-Winner-ebook/dp/B09RWNW6LD/ref=sr_1_91?qid=1680261563&sr=8-91&srs=17296221011,Forever,"Jan 1, 1970","{'Kindle': '$9.99', 'Audiobook': '$0.00', 'Paperback': '$10.23', 'Audio': '$28.40'}","['0', '4', '19', '36', '40']",[]
91,https://m.media-amazon.com/images/I/71O2bNw-QSL._AC_UY218_.jpg,NSFW: A Novel,"Isabel Kaplan  | Jul 5, 2022",3.7,183,/NSFW-Novel-Isabel-Kaplan-ebook/dp/B09C4FV185/ref=sr_1_92?qid=1680261563&sr=8-92&srs=17296221011,Henry Holt and Co.,"Jan 1, 1970","{'Kindle': '$13.99', 'Audiobook': '$0.00', 'Hardcover': '$19.23', 'Paperback': '$17.26'}","['2', '12', '27', '31', '28']",[]
92,https://m.media-amazon.com/images/I/81tropLV-RS._AC_UY218_.jpg,Sleepwalk: A Novel,"Dan Chaon  | May 24, 2022",4.0,612,/Sleepwalk-Novel-Dan-Chaon-ebook/dp/B092T8V4W1/ref=sr_1_93?qid=1680261563&sr=8-93&srs=17296221011,Henry Holt and Co.,"Jan 1, 1970","{'Kindle': '$14.99', 'Audiobook': '$0.00', 'Hardcover': '$16.99', 'Paperback': '$17.99'}","['3', '6', '19', '33', '39']",[]
93,https://m.media-amazon.com/images/I/71JmatnPSPL._AC_UY218_.jpg,The Year of the Horses: A Memoir,"Courtney Maum  | Feb 14, 2023",4.1,154,/Year-Horses-Memoir-Courtney-Maum/dp/1953534821/ref=sr_1_94?qid=1680261563&sr=8-94&srs=17296221011,Tin House Books,"Jan 1, 1970","{'Kindle': '$13.49', 'Audiobook': '$0.00', 'Hardcover': '$25.11', 'Paperback': '$17.95', 'Audio': '$31.95'}","['6', '6', '12', '22', '53']",[]
94,https://m.media-amazon.com/images/I/91VEqtaf8YL._AC_UY218_.jpg,The Other Mother: A Novel,"Rachel M. Harper  | May 3, 2022",4.4,398,/Other-Mother-Rachel-M-Harper-ebook/dp/B096DH78WQ/ref=sr_1_95?qid=1680261563&sr=8-95&srs=17296221011,Counterpoint,"Jan 1, 1970","{'Kindle': '$13.99', 'Audiobook': '$0.00', 'Hardcover': '$24.64', 'Paperback': '$18.95'}","['2', '3', '9', '31', '55']",[]
95,https://m.media-amazon.com/images/I/81HeVWjFY7L._AC_UY218_.jpg,How to Kill Your Family: A Novel,"Bella Mackie  | Aug 2, 2022",4.0,"20,610",/How-Kill-Your-Family-Novel-ebook/dp/B09S3S9K5P/ref=sr_1_96?qid=1680261563&sr=8-96&srs=17296221011,The Overlook Press,"Jan 1, 1970","{'Kindle': '$9.99', 'Audiobook': '$0.00', 'Hardcover': '$18.28', 'Paperback': '$13.50', 'Audio': '$25.30'}","['3', '6', '18', '29', '43']",[]
96,https://m.media-amazon.com/images/W/IMAGERENDERING_521856-T1/images/I/81CfG7QAs0L._AC_UY218_.jpg,Thank You for Listening: A Novel,Julia Whelan and HarperAudio,4.3,"2,189",/Audible-Thank-You-Listening-Novel/dp/B09K4K5LNG/ref=sr_1_97?qid=1680261638&sr=8-97&srs=17296221011,HarperAudio,"August 2, 2022","{'Kindle': '$8.99', 'Audiobook': '$0.00', 'Hardcover': '$19.29', 'Paperback': '$14.39', 'Audio': '$30.90'}","['1', '3', '14', '36', '47']","['#1,047 in Audible Books & Originals (See Top 100 in Audible Books & Originals)', '#6 in Friendship Fiction (Audible Books & Originals)', '#16 in Friendship Fiction (Books)', '#23 in Romantic Comedy (Audible Books & Originals)']"
97,https://m.media-amazon.com/images/W/IMAGERENDERING_521856-T1/images/I/91Biub6GqqL._AC_UY218_.jpg,Such Big Dreams: A Novel,"Reema Patel  | May 10, 2022",4.3,255,/Such-Big-Dreams-Reema-Patel-ebook/dp/B09H2NNGZV/ref=sr_1_98?qid=1680261638&sr=8-98&srs=17296221011,Ballantine Books,"Jan 1, 1970","{'Kindle': '$13.99', 'Audiobook': '$0.00', 'Hardcover': '$15.99', 'Paperback': '$18.00'}","['2', '0', '9', '38', '51']",[]
98,https://m.media-amazon.com/images/W/IMAGERENDERING_521856-T1/images/I/81pIr-oANIL._AC_UY218_.jpg,The Community: A Memoir,"N. Jamiyla Chisholm  | Jun 1, 2022",3.9,"2,881",/Community-N-Jamiyla-Chisholm-ebook/dp/B0976VRCV1/ref=sr_1_99?qid=1680261638&sr=8-99&srs=17296221011,Little A,"Jan 1, 1970","{'Kindle': '$0.00', 'Audiobook': '$0.00', 'Hardcover': '$12.70', 'Paperback': '$12.26', 'Audio': '$5.62'}","['4', '7', '22', '30', '37']",[]
99,https://m.media-amazon.com/images/W/IMAGERENDERING_521856-T1/images/I/71yazKQc-rL._AC_UY218_.jpg,By the Book-A Meant To Be Novel,,4.4,7,/Book-Meant-be-Novel/dp/1368050395/ref=sr_1_100?qid=1680261638&sr=8-100&srs=17296221011,Hyperion Avenue,"Jan 1, 1970",{'Hardcover': '$27.23'},"['0', '15', '0', '19', '66']",[]
